Date,Site_ID,Latitude,Longitude,CO2_Captured_Tons,Operational_Costs,Energy_Consumption,Revenue_CO2_Sales,Revenue_Carbon_Credits,Plant_Uptime_Percentage,Customer_Satisfaction_Score
2022-01-01,Site_2,43.1288,143.8017,426.59,2054.49,4660.83,1250.99,822.7,87.51,5
2022-01-02,Site_1,26.4692,-89.544,,3782.28,3793.76,,618.78,89.09,6
2022-01-02,Site_1,73.7448,-11.1432,336.3,,6523.91,1964.15,786.42,85.25,7
2022-01-06,Site_1,-75.6948,114.4794,339.17,2443.79,2966.91,1467.44,335.44,81.95,10
2022-01-10,Site_4,0.5064,42.2252,219.77,,6126.73,1159.69,621.52,85.22,7
2022-01-18,Site_1,-9.8707,-46.4912,220.31,4067.77,7575.12,1175.68,962.69,98.76,6
2022-01-19,Site_3,-22.8866,-171.9432,440.85,1967.91,7525.05,1879.02,971.19,84.55,9
2022-01-20,Site_3,53.2734,16.1688,467.47,944.07,3917.98,1407.23,369.27,94.28,8
2022-01-24,Site_2,84.5602,-134.8619,113.11,1230.89,4898.88,806.65,563.0,89.91,3
2022-01-28,Site_1,68.1879,85.779,,,3430.25,923.5,663.85,84.5,5
2022-01-29,Site_1,82.2429,-120.8995,279.45,3983.62,4102.44,1160.17,428.79,93.62,7
2022-01-30,Site_2,75.8032,-120.0136,487.18,3290.31,9262.13,1966.44,269.12,,7
2022-02-01,Site_4,65.7533,144.9058,212.72,2261.24,7562.44,635.79,779.21,81.9,1
2022-02-02,Site_2,24.9415,-5.9097,430.54,1406.4,9152.4,1878.75,991.45,92.29,5
2022-02-03,Site_2,-76.6153,-59.8996,350.43,4296.61,7073.07,803.05,,97.22,1
2022-02-04,Site_4,-54.4425,-90.5011,411.23,2254.74,,638.12,633.24,92.02,6
2022-02-05,Site_4,-44.0161,14.1758,294.13,2250.39,8977.79,1961.75,949.46,91.1,3
2022-02-06,Site_2,38.5132,-25.9868,396.21,2551.5,8851.29,870.78,801.91,81.65,7
2022-02-07,Site_2,55.5409,152.6018,159.59,4477.9,3560.4,1085.81,512.28,85.66,2
2022-02-08,Site_1,72.7849,-109.9185,395.3,2003.89,6442.84,2115.85,525.75,,7
2022-02-11,Site_3,-73.9154,-159.6214,259.23,1632.0,6305.43,900.09,271.23,87.25,3
2022-02-12,Site_2,17.4162,157.8768,326.56,2328.15,8409.78,2320.56,967.8,90.46,8
2022-02-12,Site_3,-77.86,-103.7178,387.81,1314.85,8763.42,2343.78,755.86,92.57,1
2022-02-12,Site_3,5.4582,154.773,130.73,3402.09,7999.71,2377.65,250.82,95.41,1
2022-02-14,Site_3,53.705,86.8078,240.23,3206.47,6447.99,780.11,657.37,,1
2022-02-17,Site_4,66.4123,-120.6443,495.55,2141.61,3278.54,684.27,407.66,80.68,5
2022-02-18,Site_4,-39.2195,168.1493,189.48,3766.21,4577.13,2223.66,673.13,92.2,5
2022-02-20,Site_1,4.9255,59.5145,146.42,1763.7,4785.46,1628.75,998.73,82.19,8
2022-02-20,Site_2,-3.5991,-1.3404,261.18,2263.01,8211.82,1015.11,360.07,93.21,5
2022-02-21,Site_4,52.3719,22.1179,362.82,3359.36,3088.34,2219.98,433.9,85.09,10
2022-02-23,Site_2,-67.5962,159.9553,468.17,2919.11,6797.76,2315.44,251.56,90.76,2
2022-02-23,Site_3,52.387,-123.9777,422.79,3685.92,7077.74,1853.46,864.57,93.37,1
2022-02-26,Site_3,-79.9148,-130.666,461.0,3369.61,7176.22,2425.71,531.06,98.48,5
2022-02-26,Site_4,82.3147,54.5311,353.78,,7300.11,991.75,464.9,85.23,4
2022-02-27,Site_3,-61.6688,97.1006,350.23,834.08,4189.88,626.15,306.65,90.34,4
2022-03-03,Site_2,31.2668,-121.1626,313.84,1115.87,7036.84,1089.19,,89.27,9
2022-03-05,Site_1,-76.1293,126.4984,119.87,2831.61,8428.24,887.96,693.08,92.24,10
2022-03-08,Site_2,42.7492,-125.3642,351.41,3064.66,8884.54,1010.44,330.5,98.71,8
2022-03-09,Site_3,-83.1078,-69.6342,206.16,,8008.54,1197.34,335.47,82.2,3
2022-03-12,Site_2,-19.7258,-14.1679,275.08,4213.68,4001.45,1207.8,408.23,96.65,3
2022-03-17,Site_2,80.2847,-44.7414,167.38,4408.15,8192.64,797.21,906.69,82.57,3
2022-03-25,Site_1,71.9053,41.538,,1281.61,3588.36,1627.08,641.58,81.8,3
2022-03-25,Site_2,-24.5402,34.6584,,1787.23,2699.49,1717.86,816.29,93.46,3
2022-03-28,Site_4,17.358,-164.4311,415.37,2070.21,5358.05,2225.65,658.09,96.72,5
2022-04-02,Site_1,-25.6134,175.8907,194.63,1691.32,9710.0,2453.97,825.24,84.93,4
2022-04-05,Site_3,-38.5338,-111.1565,343.95,3474.55,3494.06,1552.93,639.88,93.52,1
2022-04-05,Site_4,72.2699,149.389,240.45,2970.07,4224.32,2177.46,360.12,86.24,4
2022-04-06,Site_1,-33.2732,144.3083,127.0,3399.84,3038.9,1404.09,999.45,90.08,7
2022-04-08,Site_2,-41.4905,-175.6363,410.22,1525.79,5501.53,1634.54,304.0,88.16,3
2022-04-14,Site_3,-42.9708,178.46,121.46,3720.35,5158.58,1250.53,474.49,,3
2022-04-16,Site_2,-66.6748,0.5938,126.1,2036.16,2894.86,,673.1,92.42,3
2022-04-16,Site_3,86.6389,84.5217,,2881.61,3716.35,791.87,680.76,86.26,1
2022-04-17,Site_4,25.4232,-10.3851,216.71,2132.16,6518.17,1154.07,661.43,,8
2022-04-20,Site_2,-16.7124,-81.3025,164.59,3763.05,7720.65,1958.83,310.8,93.15,6
2022-04-22,Site_2,17.0017,-35.5693,385.46,1941.69,4265.14,2114.81,740.72,82.83,2
2022-04-24,Site_2,76.0351,-141.0131,357.69,1394.2,5592.93,2249.59,449.88,87.63,6
2022-04-29,Site_4,-13.8487,14.1439,350.77,,6432.68,2085.76,898.64,86.92,8
2022-05-02,Site_4,-21.9898,63.135,234.95,1040.14,6729.65,1972.53,,83.77,8
2022-05-04,Site_2,-58.68,42.3567,115.79,4201.31,5809.21,2369.25,825.42,80.07,2
2022-05-06,Site_1,69.462,50.0335,127.01,2744.02,8358.31,1820.29,831.24,84.07,9
2022-05-07,Site_3,77.0957,-162.2016,354.1,4481.32,6295.76,652.73,,97.85,9
2022-05-09,Site_1,-71.481,44.4852,243.92,1492.23,7713.51,1939.03,546.07,84.72,4
2022-05-10,Site_2,71.0077,8.2422,386.96,,6027.13,2324.8,607.78,83.5,2
2022-05-13,Site_2,74.9496,-83.2405,295.71,2320.66,2063.39,1011.43,470.99,83.09,10
2022-05-13,Site_3,53.3631,-142.337,414.04,2882.78,,899.89,817.82,94.35,3
2022-05-13,Site_4,-75.2439,-140.4828,176.47,3353.16,5896.45,1564.01,915.75,87.88,7
2022-05-15,Site_2,23.3514,-101.0961,100.06,1537.43,4752.34,872.94,,83.87,4
2022-05-15,Site_3,42.847,124.1464,200.72,1683.1,3203.75,,441.86,81.86,3
2022-05-16,Site_2,-1.3346,70.7684,316.5,2174.09,9761.52,1186.79,524.97,95.44,7
2022-05-18,Site_3,-34.3042,-59.5723,249.12,2431.88,9166.65,,,93.32,2
2022-05-22,Site_3,70.0497,-89.2001,444.06,2296.62,3084.98,709.91,982.05,81.82,9
2022-05-30,Site_3,45.7013,82.2351,425.45,2154.47,5135.45,1941.04,727.82,97.65,9
2022-06-09,Site_3,-60.4028,-94.9583,356.96,4203.05,2754.9,1348.22,838.61,87.17,4
2022-06-16,Site_4,73.0149,-60.78,122.24,,5328.91,2406.56,889.42,85.14,10
2022-06-22,Site_1,14.3262,-177.7502,305.96,1911.17,9287.21,1820.22,415.58,99.02,3
2022-06-24,Site_3,40.1873,136.2336,102.94,,4081.65,1363.62,689.32,90.08,1
2022-06-26,Site_3,11.3405,3.6746,427.37,2999.32,6771.04,2003.76,823.59,91.85,1
2022-06-27,Site_2,18.9558,-82.3615,365.1,,7286.95,2079.5,381.77,95.25,5
2022-07-01,Site_1,-46.5923,-108.534,278.19,2487.33,2613.9,2001.81,736.88,92.29,8
2022-07-01,Site_4,80.2184,112.8977,227.68,1327.57,9253.56,755.21,681.94,80.39,7
2022-07-04,Site_4,-61.3332,-91.676,367.56,1528.38,6709.35,,,93.58,1
2022-07-05,Site_2,-28.8139,-149.4214,239.62,4099.35,4618.73,1878.71,883.53,83.53,5
2022-07-07,Site_3,-64.4355,-2.9101,465.41,2565.49,6378.13,670.26,677.97,,8
2022-07-07,Site_4,-33.3242,-62.6042,383.53,3074.47,5362.21,,456.72,99.93,10
2022-07-10,Site_2,-62.6494,-164.1567,385.21,,5105.07,1633.65,260.39,87.78,1
2022-07-10,Site_2,-5.3104,-127.8382,375.91,3967.15,2745.24,2213.35,376.54,85.88,2
2022-07-13,Site_3,-19.8067,-62.0263,,1209.25,8533.17,,544.33,86.72,2
2022-07-16,Site_4,45.0625,54.8441,131.79,978.61,6857.05,2081.57,364.28,90.92,10
2022-07-17,Site_1,-2.3182,-109.6981,310.0,1403.4,4503.65,,354.65,97.24,6
2022-07-24,Site_3,-26.305,30.4685,300.63,3707.65,2402.72,898.33,393.33,85.13,9
2022-07-24,Site_3,0.5898,-66.3941,136.12,4022.91,8139.59,748.85,609.42,,2
2022-07-26,Site_2,53.4273,-39.2868,404.58,2169.1,6548.0,2223.1,292.46,84.27,1
2022-07-27,Site_3,17.5719,-169.2442,222.54,4330.93,7848.74,1827.17,,,1
2022-08-04,Site_1,35.3931,139.2494,172.74,1451.24,2089.18,1889.29,,91.39,4
2022-08-05,Site_1,-86.4952,9.7261,305.16,3298.63,,1909.7,255.37,88.03,3
2022-08-05,Site_3,33.2616,94.9565,321.08,3602.94,,1906.42,336.26,96.38,3
2022-08-06,Site_4,-68.543,-61.1333,238.69,4355.42,8981.31,2025.38,358.62,86.13,6
2022-08-07,Site_4,9.7449,63.767,460.44,1295.22,9902.09,1189.76,631.52,89.88,1
2022-08-09,Site_4,-44.3347,-151.9714,430.32,2143.26,7702.27,,264.53,87.66,1
2022-08-15,Site_3,-68.2735,-141.4597,493.36,960.06,,1248.76,,96.26,1
2022-08-16,Site_3,87.0548,-55.6662,268.02,3230.25,,956.02,896.7,92.22,8
2022-08-20,Site_4,29.2033,57.4056,284.9,1584.55,4698.38,829.07,299.12,96.6,8
2022-08-24,Site_1,53.9131,-22.337,219.21,,5173.67,1833.16,988.75,89.24,10
2022-08-26,Site_3,-49.5459,21.1401,317.62,4091.4,2660.98,1561.2,516.18,98.3,7
2022-08-27,Site_4,11.187,-90.091,393.89,2611.69,9577.57,1418.11,960.96,94.88,7
2022-08-29,Site_1,-52.6323,26.4921,248.18,1758.91,2601.13,1163.28,715.37,97.11,10
2022-08-29,Site_4,34.0272,-140.8393,170.04,4352.66,2635.2,1025.14,970.53,83.47,10
2022-09-04,Site_1,-45.011,-60.8064,451.21,,7440.37,1663.81,873.4,89.79,7
2022-09-07,Site_4,-49.7132,164.273,294.65,2812.67,4078.5,1379.86,,,1
2022-09-13,Site_1,22.4665,115.7087,459.11,4320.34,8995.67,899.6,922.4,86.76,5
2022-09-16,Site_3,-53.6243,-9.7371,464.01,1248.56,4818.14,1029.3,482.46,98.97,10
2022-09-19,Site_1,31.0919,-129.7889,,3782.32,8360.56,1951.48,546.18,83.4,9
2022-09-22,Site_4,43.8747,49.8227,331.0,4142.34,3701.0,1299.62,375.25,90.21,6
2022-09-28,Site_4,-60.7596,-79.6439,499.06,2668.81,6484.67,1519.43,851.9,83.87,6
2022-10-05,Site_3,-61.6564,74.7386,471.73,4133.98,9672.32,1342.56,452.61,95.85,7
2022-10-05,Site_3,6.3409,72.3389,,1483.38,5369.78,2048.9,954.82,97.22,5
2022-10-06,Site_4,-34.3142,-97.4054,261.79,2291.35,7016.94,1046.93,876.61,81.89,7
2022-10-12,Site_1,-19.4442,-95.4888,118.38,1279.65,9829.0,,960.25,,7
2022-10-12,Site_2,27.9045,1.3718,368.8,,2741.66,631.41,374.54,82.72,5
2022-10-13,Site_2,35.8835,81.4441,476.53,3847.72,8765.03,2406.11,931.41,82.89,1
2022-10-15,Site_2,-47.5069,55.3026,342.89,2933.68,6859.13,2363.63,934.01,82.78,7
2022-10-15,Site_3,-88.9654,-93.1205,432.49,1374.1,6233.35,2457.87,379.32,84.41,5
2022-10-20,Site_1,-8.2512,-76.6037,193.14,3985.12,8149.92,622.65,737.44,,9
2022-10-22,Site_4,50.911,75.0622,204.39,3577.76,,2045.59,497.59,,4
2022-10-23,Site_1,-69.4683,-175.825,197.66,4203.13,4001.56,2230.95,918.19,,8
2022-10-26,Site_1,54.2375,-2.1332,396.37,1662.49,7337.28,1795.03,294.94,97.3,10
2022-10-27,Site_1,1.4103,63.602,,1555.65,2181.11,2092.05,297.88,91.86,4
2022-11-04,Site_4,-66.5111,51.7364,479.75,1521.63,4958.32,1378.83,273.27,94.06,4
2022-11-06,Site_3,-50.3396,-175.3641,,3127.99,7979.56,2404.39,795.19,99.05,8
2022-11-06,Site_4,-77.6401,60.7464,172.3,1346.17,,1279.24,,93.45,3
2022-11-13,Site_2,-12.2241,137.6676,,4093.5,,760.52,613.59,95.85,8
2022-11-16,Site_4,-69.9583,-160.3689,262.17,2511.43,9206.35,899.48,392.95,93.94,7
2022-11-18,Site_2,1.0057,150.7382,463.22,3400.32,5161.47,848.69,715.15,88.74,4
2022-11-20,Site_2,64.9249,-99.3991,216.82,3054.07,4530.56,773.8,487.57,83.68,2
2022-11-20,Site_4,13.6083,-135.6971,232.98,4009.18,3367.52,,596.34,86.72,9
2022-11-21,Site_1,23.4771,-115.2289,,3139.81,7975.6,1459.93,658.1,95.02,8
2022-11-22,Site_3,-81.7458,-60.7144,138.92,1552.08,8328.65,1204.05,454.85,94.54,3
2022-11-25,Site_1,53.7747,-22.451,265.05,,2127.76,2038.98,369.65,,4
2022-11-25,Site_3,-84.585,-106.2352,267.91,2998.06,8784.81,605.47,308.41,82.95,10
2022-11-28,Site_4,-63.0281,102.3968,203.21,3620.14,2531.71,1854.89,290.3,90.53,10
2022-12-03,Site_1,-66.094,125.2408,421.15,3943.19,7079.05,2141.58,,89.58,3
2022-12-06,Site_4,-80.0323,149.8284,,1513.06,5037.15,2161.57,,85.3,5
2022-12-07,Site_2,49.2459,-62.5288,204.87,3954.81,4326.31,1973.67,292.86,94.29,2
2022-12-07,Site_3,2.427,-113.6818,487.27,,9909.18,2371.9,613.96,80.93,8
2022-12-08,Site_2,29.3956,-151.2974,369.08,4059.39,7703.23,1500.03,398.19,99.32,2
2022-12-09,Site_2,40.2365,-172.0499,329.32,2124.92,,1798.43,683.21,92.17,6
2022-12-09,Site_4,3.0977,-92.7394,186.55,1085.26,9702.18,1212.71,495.28,91.74,9
2022-12-16,Site_3,-4.1514,-154.5713,,2383.55,7562.62,1104.05,934.74,90.6,7
2022-12-16,Site_4,8.2151,-35.5083,,1157.14,,1611.79,802.97,91.37,10
2022-12-25,Site_1,-15.6544,82.4957,105.39,1704.58,3742.88,2083.04,979.63,95.81,7
2022-12-29,Site_1,-69.8329,-163.1815,147.76,3491.75,8097.1,2373.01,252.07,89.16,4
2023-01-01,Site_1,46.5389,-108.3107,,2680.56,3871.83,1404.62,690.3,99.29,4
2023-01-04,Site_1,-65.9391,137.7593,,3363.76,6329.13,1250.53,732.53,87.1,7
2023-01-12,Site_1,83.6278,35.626,388.66,1490.7,4083.19,1005.64,756.72,96.77,5
2023-01-13,Site_3,57.9423,-170.6206,391.76,1997.06,3245.93,1875.5,656.3,90.71,2
2023-01-13,Site_3,74.2291,-94.8459,237.4,4303.95,9279.67,1127.61,415.24,99.9,5
2023-01-13,Site_4,89.6747,80.5606,249.75,3592.72,3385.56,2389.34,290.18,99.55,1
2023-01-18,Site_3,68.2984,80.033,376.84,4366.16,9947.18,910.36,548.42,93.46,4
2023-01-25,Site_3,-74.8245,79.0191,459.48,2516.04,9771.69,966.03,573.89,87.41,6
2023-01-26,Site_4,-9.2256,-9.114,,1695.87,6752.18,1965.5,567.42,93.18,6
2023-01-27,Site_1,-34.507,-99.1769,148.99,3530.04,8908.58,2150.32,,,6
2023-01-30,Site_4,-29.5882,125.4519,370.18,1560.66,4467.0,1820.54,706.19,80.08,2
2023-02-03,Site_2,-60.0135,164.5223,129.34,3200.04,5494.33,1626.13,805.38,87.51,9
2023-02-05,Site_3,-71.4875,-15.916,332.95,1485.87,3841.7,2489.24,306.1,88.75,2
2023-02-15,Site_4,-85.5594,-110.6987,,3876.34,7502.76,859.75,,84.71,9
2023-02-17,Site_1,58.9803,167.1282,,,3955.31,1286.04,369.35,80.01,1
2023-02-18,Site_2,76.838,-137.9687,470.44,,6673.26,2074.52,354.13,86.88,7
2023-02-21,Site_3,48.1596,-0.8542,198.26,,4074.26,1237.55,556.47,91.47,9
2023-02-27,Site_1,-26.3174,-178.4379,490.45,4389.17,2747.75,1735.04,913.71,99.7,4
2023-02-27,Site_1,74.0701,-33.3025,,1222.81,8284.28,,334.5,97.25,9
2023-02-27,Site_4,-6.3519,22.5306,193.36,3461.29,5699.37,693.74,493.28,85.99,7
2023-02-28,Site_2,-9.9294,4.0457,479.51,1062.86,3356.32,2081.37,484.83,90.27,2
2023-03-01,Site_3,-54.5122,26.2247,,,4070.98,2145.54,607.43,82.56,8
2023-03-03,Site_3,71.7993,113.8784,,4380.97,9472.36,2389.76,857.23,96.99,8
2023-03-04,Site_4,-50.9742,162.4765,127.86,1069.3,7032.69,1337.59,,86.79,3
2023-03-05,Site_4,66.9171,-117.8975,358.26,2215.57,5279.15,1961.09,487.88,86.09,8
2023-03-05,Site_4,-58.7261,-140.5962,351.01,2802.36,4737.33,2107.17,415.8,98.89,4
2023-03-08,Site_1,-48.5443,12.5041,186.57,4483.24,4312.61,2202.58,297.07,,8
2023-03-12,Site_4,31.7367,-114.3168,481.52,2581.92,7368.51,1650.15,289.89,95.41,10
2023-03-14,Site_1,19.3187,102.8813,364.93,2774.18,5588.05,1343.86,740.32,87.83,8
2023-03-19,Site_4,-0.7036,-72.9783,415.66,3748.26,5208.97,2196.7,934.58,95.3,7
2023-03-20,Site_3,-25.0953,126.9317,417.88,1334.69,7472.69,615.18,765.0,90.09,3
2023-03-22,Site_2,-36.5195,177.0127,244.45,2594.59,9726.81,,,84.42,2
2023-03-23,Site_4,-1.4673,78.6284,463.7,4251.02,8610.73,2039.4,369.37,80.43,7
2023-03-24,Site_1,-25.1931,-113.5412,137.85,2644.67,4971.94,1592.53,438.26,89.88,7
2023-03-26,Site_1,75.761,-56.0817,,,2729.11,1578.92,895.09,81.38,7
2023-03-26,Site_2,-19.1415,-82.038,160.38,1093.97,,992.65,271.7,94.58,5
2023-04-01,Site_3,29.1069,-118.3721,,3173.52,2269.51,2055.93,323.19,,1
2023-04-06,Site_4,-27.242,76.1077,240.1,2364.21,2943.36,1482.72,889.61,85.33,5
2023-04-13,Site_3,-43.8607,165.2494,281.72,1864.08,4677.59,732.38,287.67,86.62,3
2023-04-14,Site_4,-82.4977,22.6164,,1939.32,2855.77,1280.18,270.26,93.93,1
2023-04-17,Site_2,85.9465,-169.0464,429.34,3173.06,9839.46,1970.68,827.19,,8
2023-04-18,Site_1,54.9615,-114.5083,266.22,2490.39,,914.32,621.93,87.95,6
2023-04-18,Site_2,-51.9933,-103.2915,119.82,2636.28,3821.91,2400.28,373.19,85.99,7
2023-04-18,Site_3,-56.3449,94.6467,295.73,3899.04,9507.49,1747.15,442.25,91.7,1
2023-04-19,Site_4,-69.5254,-45.9219,239.85,1174.88,5370.23,1356.18,438.49,98.75,4
2023-04-21,Site_1,46.0636,-91.5761,137.73,2796.31,2131.29,,872.96,88.79,10
2023-04-21,Site_3,52.1179,-138.3222,174.59,,5326.89,1718.01,816.04,,9
2023-04-24,Site_2,-87.8741,112.7179,461.17,2900.9,4258.07,935.47,630.82,,8
2023-04-24,Site_2,63.6463,-5.2807,121.66,3798.36,3285.4,1422.24,873.32,92.13,5
2023-04-25,Site_2,50.9427,143.5323,421.48,3385.33,2167.19,815.49,485.14,81.83,10
2023-04-25,Site_3,-78.2209,-106.8916,291.34,3938.74,2630.79,1185.61,734.61,82.04,6
2023-04-26,Site_4,-27.7507,-27.6706,306.63,4355.76,4624.2,1460.33,721.43,89.84,5
2023-04-27,Site_2,-36.6557,-25.796,238.08,2089.78,8657.66,1115.09,449.81,81.96,2
2023-04-27,Site_4,6.9096,34.89,271.88,2348.18,,645.22,712.42,86.5,2
2023-04-28,Site_4,72.9204,-115.8036,225.09,4325.7,4535.48,1114.13,428.57,,2
2023-04-29,Site_1,-48.4829,70.1762,320.82,3671.48,9783.5,,458.64,99.1,1
2023-05-01,Site_4,-80.3442,152.9021,489.73,1145.54,,629.2,763.65,97.08,4
2023-05-05,Site_2,19.1702,-49.2157,171.31,4011.97,8870.17,2275.19,,97.64,4
2023-05-06,Site_3,50.0849,-107.6281,174.17,3416.28,8076.13,2303.25,673.52,89.15,7
2023-05-09,Site_3,89.7229,-133.4614,279.86,996.85,,1672.51,662.46,88.92,2
2023-05-10,Site_2,-73.6595,-100.3618,255.77,3149.89,8669.9,,949.86,87.56,6
2023-05-12,Site_2,58.0236,-22.1455,133.06,2330.34,7694.77,737.81,693.61,,2
2023-05-13,Site_4,-79.4527,-42.1628,195.01,1456.48,6986.55,788.4,859.15,93.12,8
2023-05-15,Site_4,52.8788,84.0784,424.74,,9815.59,1458.07,,80.69,3
2023-05-17,Site_2,59.8847,-98.7431,188.17,3809.28,5067.64,724.43,,82.98,1
2023-05-17,Site_3,33.8652,-156.5992,250.77,,5782.49,1653.81,670.8,92.85,9
2023-05-17,Site_3,75.0794,-170.7263,307.21,2957.52,3983.17,884.66,,86.92,3
2023-05-19,Site_3,72.3983,-91.7531,,2455.02,6635.01,1972.46,906.64,99.74,6
2023-05-20,Site_2,-89.6022,96.5533,140.05,1941.84,3571.33,2029.01,840.29,86.56,2
2023-05-23,Site_4,-56.2806,127.212,131.91,2918.01,4752.34,1131.75,453.0,,8
2023-05-25,Site_4,-6.0458,-152.2632,336.55,3375.99,7824.84,,350.77,94.15,10
2023-05-30,Site_1,-75.9562,30.1639,388.99,4286.65,8750.39,2160.59,661.16,86.51,3
2023-05-30,Site_2,-2.4278,81.6561,117.33,,2396.73,2121.85,488.79,85.3,10
2023-05-31,Site_1,-86.9139,134.9485,238.38,3915.49,9797.13,1632.12,375.75,,9
2023-05-31,Site_3,-38.3034,-167.2333,313.34,3968.64,2649.83,778.08,693.59,,3
2023-06-04,Site_3,-78.707,4.2581,303.83,1332.89,5474.95,1738.03,,86.62,3
2023-06-07,Site_3,68.3767,74.1479,436.94,2326.19,2710.25,,,81.9,4
2023-06-07,Site_4,25.3666,-110.8618,189.83,2879.64,3201.54,1440.49,988.66,,7
2023-06-09,Site_2,-34.0956,-33.5818,309.09,2725.65,5613.81,2461.48,368.97,89.22,5
2023-06-12,Site_2,-64.7627,31.843,328.17,4289.86,2118.39,919.69,370.91,80.83,1
2023-06-13,Site_2,29.9184,-33.6916,187.09,3304.77,8571.02,2354.98,772.85,86.2,2
2023-06-14,Site_4,-53.4437,65.6527,271.18,3902.7,2677.34,1685.3,,99.26,10
2023-06-15,Site_4,-25.9211,145.1625,240.18,949.07,5899.89,1261.16,324.8,85.55,6
2023-06-18,Site_4,65.9041,-76.9542,376.29,2180.77,8496.75,,929.72,91.65,4
2023-06-20,Site_2,-12.8664,68.1462,365.86,3865.59,2585.41,1357.71,,83.71,7
2023-06-21,Site_1,74.4746,-68.9701,246.73,3058.36,7498.29,1898.66,584.15,88.54,3
2023-06-21,Site_3,-25.4255,-178.1586,402.91,2074.19,,897.8,609.79,82.17,1
2023-06-25,Site_1,23.0793,-37.6456,198.49,,7423.98,654.48,400.64,94.34,6
2023-07-01,Site_1,-36.9803,165.6552,411.05,1386.52,,1461.34,,86.15,8
2023-07-04,Site_4,80.5641,8.2066,475.06,3689.81,4028.9,1080.48,596.04,82.68,10
2023-07-06,Site_4,50.4056,67.6766,320.81,1808.71,7144.62,,443.29,87.38,6
2023-07-08,Site_2,-1.7292,-161.5672,439.09,4063.39,4210.3,2262.79,914.61,86.87,4
2023-07-10,Site_3,-24.8957,-45.6278,496.81,4068.73,9844.72,,779.97,90.88,4
2023-07-15,Site_1,-36.0215,-43.5524,453.04,1002.57,8072.87,1483.97,,86.8,5
2023-07-16,Site_1,51.4354,36.356,183.64,1303.24,6975.44,2464.11,899.07,81.71,3
2023-07-16,Site_3,49.4913,-94.0594,164.52,4183.66,6421.81,1929.79,973.07,83.87,7
2023-07-17,Site_1,-4.7769,75.2185,107.58,1165.92,6320.16,1390.76,283.61,82.01,9
2023-07-18,Site_3,-31.8481,-120.0782,371.66,3376.39,2810.14,,839.78,85.9,3
2023-07-19,Site_2,18.562,-22.0937,478.12,2046.38,2351.96,,,98.06,8
2023-07-19,Site_4,-70.6652,-3.7613,,1416.61,3499.03,2033.8,476.12,95.25,9
2023-07-19,Site_4,3.302,150.4024,,2454.18,3671.31,2495.81,583.22,84.79,4
2023-07-22,Site_2,-34.9023,176.2348,444.59,3202.8,6054.28,1293.48,658.93,91.75,8
2023-07-23,Site_1,54.5295,-74.9475,139.09,3606.05,5960.28,,681.94,98.9,7
2023-07-24,Site_1,-6.7846,-67.7916,202.33,,9764.57,1918.86,,92.81,4
2023-07-27,Site_1,-86.3205,17.7281,445.23,,,,,86.18,5
2023-08-02,Site_1,10.9823,-152.397,305.56,2068.93,2942.54,1589.49,396.06,81.37,6
2023-08-05,Site_2,33.1968,-71.1084,488.06,2244.78,4751.72,1431.43,961.32,86.34,10
2023-08-08,Site_1,-87.9659,-148.5447,400.48,2102.87,7282.63,2152.04,637.56,,3
2023-08-09,Site_4,-74.4062,-46.4876,,3453.03,8458.93,1416.09,421.11,92.17,1
2023-08-14,Site_2,-11.4945,156.6145,102.37,913.89,3877.94,1720.64,695.03,97.31,4
2023-08-15,Site_2,-42.403,-1.8771,353.42,2773.54,2455.78,1165.9,259.39,81.36,8
2023-08-15,Site_4,-58.5373,-70.1927,144.82,3347.33,3624.42,1814.29,307.67,86.93,4
2023-08-17,Site_2,-71.7308,-166.8341,107.15,2123.24,5276.29,1130.69,322.81,94.84,5
2023-08-17,Site_3,-36.5363,-100.901,193.19,3947.84,5181.98,2177.55,418.66,95.68,5
2023-08-18,Site_3,62.0291,-79.3504,343.6,3518.36,9858.05,981.89,942.17,90.79,10
2023-08-19,Site_1,55.5526,20.5203,116.0,,3484.81,627.44,992.92,96.59,4
2023-08-19,Site_3,-63.7734,62.8098,134.47,2883.42,3211.19,1060.23,742.01,93.09,6
2023-08-23,Site_1,15.435,139.6459,368.94,2779.28,7058.75,2200.74,484.18,82.82,7
2023-08-23,Site_1,45.247,-2.6034,404.91,1226.69,3715.62,1862.74,573.38,92.01,2
2023-08-23,Site_1,68.3242,-66.1355,355.56,1488.26,7170.79,1673.28,311.18,86.36,4
2023-08-24,Site_1,-79.7027,86.3399,341.76,3510.84,6507.11,2471.69,926.63,93.55,5
2023-08-25,Site_3,18.4534,-163.6706,320.45,1192.18,2508.08,737.88,612.72,90.29,3
2023-08-27,Site_1,56.77,83.7594,435.03,4192.62,8925.19,676.55,958.67,94.05,7
2023-08-27,Site_2,44.6064,116.7226,260.35,1096.48,3586.71,1545.61,830.33,91.82,3
2023-08-29,Site_4,20.4279,-50.6103,274.18,3683.76,6139.57,1996.07,973.64,90.59,1
2023-08-30,Site_4,0.5442,-65.1361,456.57,1232.97,3589.53,1186.27,665.13,81.07,3
2023-09-02,Site_4,53.6171,-170.5118,178.03,4193.7,6376.81,,924.84,92.33,7
2023-09-06,Site_1,-67.9472,8.1456,283.55,831.13,6957.39,,775.5,80.3,2
2023-09-07,Site_1,-61.7824,-86.1287,208.53,4013.22,8879.69,,,82.11,9
2023-09-10,Site_1,-78.6023,-46.411,,3826.82,3605.9,,887.58,,2
2023-09-11,Site_1,7.9506,-177.4707,460.35,2177.58,9130.67,1972.47,887.78,91.94,2
2023-09-11,Site_2,53.8331,67.9026,268.64,1843.42,4663.25,2173.55,758.82,,2
2023-09-11,Site_4,3.7508,69.0168,265.79,1155.56,5984.08,1077.7,337.14,86.16,8
2023-09-19,Site_1,-23.2955,-34.9928,374.4,1919.21,4474.6,,892.17,96.24,8
2023-09-19,Site_3,-52.8144,99.4928,435.62,,4360.96,2285.86,327.23,81.07,4
2023-09-21,Site_1,78.5264,118.7621,447.72,4376.75,5047.76,1538.19,655.97,98.7,6
2023-09-21,Site_1,41.0185,-30.5732,407.18,1664.8,6584.49,1188.38,,92.78,5
2023-09-23,Site_3,45.1748,-46.5664,338.75,2290.32,9905.56,2106.76,776.1,83.22,9
2023-09-24,Site_1,-9.7076,-23.8287,246.62,2402.54,4070.4,1935.7,533.11,85.2,4
2023-09-24,Site_4,32.0835,96.0205,185.3,,2395.61,990.99,730.15,98.82,4
2023-09-25,Site_2,86.3862,49.1902,448.64,,4093.49,862.12,368.49,85.21,8
2023-09-26,Site_3,-31.3783,117.8696,451.04,4128.75,5944.16,885.16,884.72,95.22,4
2023-09-26,Site_4,-40.8552,49.9043,168.28,2621.69,2063.06,666.49,706.7,92.37,7
2023-09-28,Site_3,10.3637,-179.1471,264.49,3707.58,4360.41,2362.92,411.31,95.13,1
2023-10-02,Site_1,57.5872,25.7982,438.94,1015.71,7277.58,2080.35,970.68,,2
2023-10-03,Site_4,7.5228,66.8938,228.18,3137.69,,,765.08,91.94,5
2023-10-04,Site_4,-70.9267,-45.4379,385.04,3007.9,5810.45,2328.61,,83.74,6
2023-10-08,Site_3,-41.0902,-136.8605,276.95,1821.43,6540.96,932.36,936.7,92.93,6
2023-10-09,Site_1,-4.3727,-15.0776,285.74,2278.26,4344.34,1847.05,915.87,82.01,8
2023-10-10,Site_2,-88.851,107.0022,113.04,3236.45,6749.5,2322.15,809.22,86.39,7
2023-10-11,Site_2,-72.4085,56.6151,,2146.04,6784.35,1790.33,471.22,84.92,6
2023-10-11,Site_4,-1.9861,90.5446,131.09,3336.6,5595.56,1523.97,929.23,86.43,5
2023-10-12,Site_3,41.4486,29.1275,221.91,1428.09,4544.87,1044.19,753.67,80.94,7
2023-10-14,Site_3,84.0236,71.0682,258.84,1927.15,,1433.15,793.92,,6
2023-10-15,Site_4,35.1172,23.8322,221.16,3503.45,,881.3,252.71,86.79,8
2023-10-16,Site_2,-78.8261,140.7231,,2497.18,4028.29,1019.45,644.31,94.19,8
2023-10-17,Site_4,50.3979,23.9869,240.64,2860.06,5806.39,1707.86,278.39,97.49,1
2023-10-20,Site_3,22.215,-15.046,449.89,4318.09,3413.46,1229.61,309.56,86.12,7
2023-10-25,Site_2,77.1817,33.9942,477.29,1013.57,,,295.43,80.03,2
2023-10-26,Site_1,8.718,64.5382,350.46,4283.29,,1901.1,745.97,81.75,5
2023-10-29,Site_1,27.6019,-59.9533,294.01,2775.01,3414.1,1666.03,411.75,80.2,10
2023-11-13,Site_1,61.4504,9.1155,401.46,,,1773.53,807.93,86.0,6
2023-11-13,Site_2,-52.2312,129.3615,335.5,2660.37,2752.77,928.19,459.33,80.98,9
2023-11-20,Site_2,57.6584,115.5769,384.41,4339.35,3335.27,1338.57,,99.68,6
2023-11-21,Site_4,45.683,22.5457,422.4,1812.09,3727.8,704.45,595.46,83.62,4
2023-11-24,Site_4,-65.35,123.7911,434.23,1207.7,7100.74,1545.56,770.95,82.45,8
2023-11-25,Site_3,-29.7185,-0.5651,371.26,1508.08,7123.16,,961.45,91.18,6
2023-11-26,Site_3,-80.6651,64.0483,,2275.35,4144.07,,365.95,91.88,9
2023-11-29,Site_2,-22.6295,-138.0612,148.95,2839.39,2071.15,1285.04,781.76,87.58,1
2023-12-01,Site_4,-19.6926,-162.9774,299.69,3078.23,6287.92,2384.0,973.3,92.84,6
2023-12-04,Site_1,81.3889,75.937,168.21,3827.63,5364.97,2011.1,544.71,99.15,8
2023-12-05,Site_1,27.5633,125.1892,452.66,1989.89,9499.78,2048.92,514.45,84.52,3
2023-12-05,Site_2,-35.7331,-0.0629,281.23,2013.07,,2101.14,622.39,95.41,1
2023-12-09,Site_2,21.7526,-121.8356,106.55,4129.24,3371.41,2168.92,355.13,99.4,4
2023-12-10,Site_2,12.6564,168.2978,321.44,1857.01,8866.02,1612.76,466.38,96.88,7
2023-12-12,Site_3,52.9878,-21.7586,,2689.4,2638.91,2271.42,440.27,94.1,2
2023-12-13,Site_2,-29.613,120.6564,243.62,3580.85,6090.52,2496.8,965.18,86.13,6
2023-12-13,Site_2,0.7255,155.6855,441.4,,4741.54,1438.17,637.0,,9
2023-12-15,Site_4,-80.5342,-61.5585,221.09,3433.76,7063.79,1879.85,,91.26,7
2023-12-17,Site_4,31.0818,-110.6246,165.67,3161.98,2860.35,2387.28,660.99,80.47,1
2023-12-18,Site_4,-42.4241,142.479,183.28,3200.16,,1459.93,306.51,92.41,2
2023-12-19,Site_1,-14.7851,42.9663,319.8,1940.78,6027.39,2076.92,786.94,84.91,6
2023-12-22,Site_3,-17.2543,31.2089,286.76,1103.64,3779.79,1778.45,824.26,,4
2023-12-24,Site_2,-72.5499,178.1276,492.23,2711.28,7516.71,,352.72,84.58,7
2023-12-24,Site_3,-70.2954,127.5021,221.46,,4207.64,2152.89,955.58,85.87,3
2023-12-30,Site_2,-38.2039,-9.771,319.61,816.64,8155.59,2368.89,358.65,90.53,6
2024-01-04,Site_1,-19.527,143.5137,493.26,2708.29,2616.05,1292.98,659.82,83.78,7
2024-01-07,Site_1,-34.6182,53.609,288.08,3990.59,9984.7,2478.74,580.22,,4
2024-01-07,Site_2,67.5604,137.4471,220.99,805.37,,,914.66,95.83,4
2024-01-10,Site_1,47.4059,36.0792,321.76,1928.72,5748.38,1420.45,271.5,84.33,4
2024-01-10,Site_3,-56.3516,99.7018,389.46,2913.63,,1419.52,503.18,86.98,9
2024-01-10,Site_4,-17.6019,-157.1424,433.93,2647.36,8853.89,905.85,646.88,92.04,1
2024-01-11,Site_1,74.3699,-163.9711,161.99,1215.71,,,299.94,,9
2024-01-17,Site_3,-86.1008,-118.8868,113.42,3762.41,4981.86,1425.24,603.25,85.3,7
2024-01-21,Site_4,85.6539,-81.7821,,,7455.34,2160.72,,95.56,9
2024-01-24,Site_2,85.8946,50.7824,,4483.95,6005.91,2496.32,,,10
2024-01-25,Site_4,89.2067,-46.8424,410.21,1167.5,2266.42,621.5,252.37,88.84,3
2024-01-27,Site_3,2.5167,20.4352,387.45,1665.45,8531.22,788.42,532.66,81.55,1
2024-01-27,Site_3,25.4399,-12.7043,225.63,1040.66,5924.17,,437.01,87.52,10
2024-02-03,Site_2,-46.6046,171.268,493.47,1776.54,7993.18,1775.33,854.34,96.86,7
2024-02-12,Site_3,23.6674,133.2207,287.35,3385.51,5374.48,845.23,382.79,85.11,6
2024-02-12,Site_4,59.7602,-26.3718,339.98,3153.74,9840.95,1583.5,885.99,,2
2024-02-16,Site_2,19.1486,-66.7588,287.16,836.43,8571.73,1404.84,345.29,85.65,7
2024-02-17,Site_4,70.969,-121.4999,217.94,3287.25,8671.18,823.81,496.78,98.27,6
2024-02-18,Site_2,-85.5375,-34.8224,442.93,2633.67,5925.6,613.52,929.99,93.35,9
2024-02-19,Site_3,-58.3609,136.995,,1841.71,6767.25,1604.54,327.81,81.54,2
2024-02-24,Site_3,25.2362,34.6798,,2540.27,8852.1,,702.64,,10
2024-02-25,Site_2,-43.755,-29.2937,280.93,2464.65,,2089.03,,83.92,2
2024-02-28,Site_4,43.1655,-71.0754,388.63,1570.37,,2137.2,717.88,92.9,7
2024-03-01,Site_2,38.3218,133.3263,392.23,2653.96,7983.7,958.26,534.62,84.97,6
2024-03-06,Site_3,44.3558,-167.3435,184.39,1226.97,2728.58,1566.37,929.76,94.81,2
2024-03-06,Site_3,54.1944,153.7347,222.23,1403.04,2366.16,1675.56,380.44,81.15,10
2024-03-18,Site_4,-3.4267,74.5788,237.65,1006.14,6205.2,1585.56,917.43,80.91,7
2024-03-18,Site_4,-73.1779,133.0341,167.96,3097.28,8952.6,1358.2,484.93,90.54,1
2024-03-20,Site_2,85.0194,54.2944,232.48,2002.53,4447.11,1297.91,843.75,80.88,2
2024-03-21,Site_1,-7.3031,-157.9345,385.27,3523.69,8809.77,1592.33,989.44,95.18,2
2024-03-21,Site_2,-58.1779,60.1039,,1973.43,6350.75,1393.61,,83.98,6
2024-03-24,Site_2,15.5379,-35.6641,390.17,2922.37,3470.26,1050.94,583.71,86.16,7
2024-03-26,Site_1,51.762,17.0005,489.92,,4348.08,1426.0,893.43,84.69,7
2024-03-29,Site_2,68.2291,-22.3668,440.9,895.66,5566.92,1349.68,924.68,97.27,3
2024-03-30,Site_4,-25.0167,8.4587,178.49,3028.7,,1393.52,465.68,82.58,3
2024-04-02,Site_3,26.0142,7.6822,254.71,3080.33,5963.96,922.87,800.82,91.31,7
2024-04-04,Site_4,65.9978,48.2271,444.25,1402.96,2137.12,991.72,470.1,84.79,9
2024-04-06,Site_1,1.2362,50.7728,488.86,,9640.76,1847.28,,85.6,2
2024-04-06,Site_2,31.6914,-138.336,284.06,3687.72,5996.52,728.75,859.19,83.56,3
2024-04-06,Site_3,-88.683,29.6213,399.09,3548.36,,1317.12,289.8,89.77,5
2024-04-13,Site_3,-37.099,-5.5093,370.65,,3088.78,,548.59,85.02,8
2024-04-14,Site_4,-51.3613,-68.2265,125.61,1197.0,,1855.46,905.29,88.1,7
2024-04-17,Site_3,-3.7513,166.0792,431.38,1867.96,9868.81,625.99,786.54,95.71,10
2024-04-17,Site_4,-59.7677,154.1351,306.08,4222.11,7070.33,974.89,924.83,93.95,7
2024-04-20,Site_2,-16.8616,140.7721,372.89,3368.73,6610.45,707.03,574.0,92.04,9
2024-04-20,Site_3,37.8192,-174.8304,441.73,,7795.53,1249.15,264.75,91.22,8
2024-04-24,Site_2,11.3193,-29.9112,447.59,4299.85,4398.58,2494.26,,85.25,8
2024-04-26,Site_3,-38.643,174.2434,300.46,3267.15,6557.89,1070.5,413.23,98.47,2
2024-04-30,Site_2,-44.1115,101.5947,,1620.43,,2188.17,347.86,83.14,6
2024-05-02,Site_1,78.5268,-94.6044,337.49,4259.21,8336.69,,307.69,98.45,9
2024-05-04,Site_3,39.4318,108.4022,429.13,2095.59,3444.66,1299.05,906.85,,7
2024-05-08,Site_1,48.4297,-165.973,221.15,1038.18,6764.36,2219.97,826.81,99.05,7
2024-05-08,Site_2,32.446,128.086,,1134.4,6983.75,2456.89,535.26,91.86,9
2024-05-09,Site_4,56.2738,-41.2193,143.09,969.42,6272.16,,999.99,88.07,4
2024-05-10,Site_2,60.0712,-33.2218,481.26,3137.88,4358.83,2442.41,925.66,86.89,10
2024-05-10,Site_4,82.3976,87.3532,245.26,,7299.06,,821.28,94.49,10
2024-05-13,Site_1,-47.7922,-66.3761,159.75,,8673.57,1928.63,458.33,93.21,7
2024-05-15,Site_2,-68.3843,158.1658,279.04,950.24,6288.41,2167.45,585.89,84.64,5
2024-05-19,Site_1,-20.3151,-28.6269,,3266.38,,2067.13,,94.0,1
2024-05-19,Site_1,42.2083,24.8604,123.3,2794.88,6215.05,1834.85,753.05,86.33,1
2024-05-19,Site_2,-67.4294,-104.3107,216.72,968.9,4324.09,1448.81,731.26,97.4,1
2024-05-23,Site_3,-44.7896,-115.0718,316.78,3299.46,7126.14,2281.41,,83.65,2
2024-05-27,Site_2,-65.406,105.0283,279.67,3811.75,3582.89,2055.13,700.99,97.61,5
2024-05-30,Site_1,-15.29,-136.3222,115.14,2864.84,7949.93,2491.88,576.81,,10
2024-05-30,Site_2,-53.6591,-118.2781,209.85,1303.47,2955.17,,455.72,83.57,5
2024-05-31,Site_3,-82.0284,-44.7092,182.78,919.48,6807.96,891.99,858.34,82.43,3
2024-06-01,Site_3,2.9543,145.0059,497.7,847.33,,704.16,489.02,94.83,5
2024-06-02,Site_4,-24.2494,-67.0383,270.13,,4847.09,1762.98,413.84,88.64,10
2024-06-04,Site_4,49.1412,85.8118,268.06,4017.77,3890.71,892.98,474.98,91.56,6
2024-06-06,Site_1,88.4911,-25.6053,338.92,1615.13,8562.11,1746.39,798.13,86.35,1
2024-06-06,Site_4,81.5417,-114.7708,419.72,,6703.98,1920.98,786.11,88.17,2
2024-06-09,Site_3,-66.1411,22.8208,,3085.16,8138.19,2213.49,713.92,87.2,2
2024-06-13,Site_3,-87.5546,118.8149,171.52,1804.28,4440.35,2412.82,556.86,88.63,2
2024-06-14,Site_3,65.6185,-144.7038,315.26,1582.23,4037.0,1258.65,655.78,85.54,2
2024-06-20,Site_4,72.3353,152.8979,,4276.97,8928.83,2407.55,538.62,97.82,1
2024-06-21,Site_1,-14.2611,-82.6249,426.31,4390.44,5591.67,1530.18,864.23,84.68,9
2024-06-22,Site_2,-11.0373,-19.2303,,1559.46,2530.37,2141.09,262.13,94.87,7
2024-06-23,Site_2,42.3366,-143.1163,207.43,4159.03,8660.08,1590.74,976.64,94.18,10
2024-06-25,Site_1,-58.8351,-18.8723,324.67,3023.81,5837.08,1754.06,483.52,95.63,7
2024-06-25,Site_2,-81.7961,71.6304,319.67,,3336.89,616.54,354.52,,2
2024-06-25,Site_4,-19.8418,100.604,389.61,850.18,9836.2,833.68,483.6,86.59,8
2024-06-30,Site_1,-10.7773,-42.6978,362.79,1568.71,,1447.85,649.89,93.58,2
2024-07-01,Site_2,19.6231,-113.7371,225.27,3228.07,7917.55,2097.99,,95.15,5
2024-07-02,Site_1,-5.2558,145.762,362.65,3512.08,3731.19,1316.55,554.41,,4
2024-07-04,Site_2,71.7705,49.451,469.81,2514.49,5628.22,905.15,665.3,83.77,1
2024-07-04,Site_3,-36.7565,43.3688,190.54,4084.98,2860.98,2120.82,252.72,99.07,2
2024-07-06,Site_1,-86.2494,27.5993,471.04,,7664.33,1460.09,400.81,83.38,10
2024-07-07,Site_1,34.253,-150.8981,433.26,3576.51,8723.96,2289.2,892.58,90.07,8
2024-07-12,Site_2,-89.081,-98.8623,342.44,3615.82,8782.23,631.68,876.95,96.91,7
2024-07-13,Site_1,12.5452,113.3297,454.88,1918.67,3199.23,2200.1,674.23,82.06,5
2024-07-14,Site_1,-24.7716,31.2324,382.56,1367.72,6676.35,659.54,662.13,97.98,6
2024-07-15,Site_2,-34.2617,-132.7253,289.19,1083.84,8255.47,752.27,,95.1,9
2024-07-16,Site_4,19.2114,110.7885,288.48,1876.96,4360.78,2184.85,998.76,99.94,10
2024-07-19,Site_2,26.3126,60.306,227.97,1360.49,5703.71,787.19,810.99,85.75,8
2024-07-24,Site_1,30.4929,43.0998,266.47,1928.93,6744.67,2427.67,631.03,88.39,4
2024-07-24,Site_2,40.9981,-35.6928,303.01,1319.33,7891.36,1871.52,791.45,81.74,6
2024-07-24,Site_4,-43.6199,64.2357,430.95,1350.47,9501.01,,610.66,93.23,5
2024-07-25,Site_4,4.7816,-150.3771,,2941.4,3201.35,2435.35,391.48,92.14,5
2024-07-27,Site_2,-68.2329,174.9217,101.35,2915.27,,837.08,662.82,88.62,6
2024-07-29,Site_4,-77.2713,134.8104,116.08,1950.69,3341.47,2425.85,873.44,95.51,7
2024-07-30,Site_1,-80.3347,-83.9779,294.05,1056.94,9214.61,1383.9,378.01,86.38,9
2024-07-31,Site_1,77.4573,177.4551,244.58,3220.88,2859.07,2469.43,855.79,90.91,5
2024-08-02,Site_4,-56.8498,-113.2973,363.01,3975.06,2992.61,1727.25,824.57,88.23,1
2024-08-05,Site_1,-22.7519,-129.6514,461.54,3564.93,5206.86,1014.54,458.93,83.45,10
2024-08-11,Site_4,-69.0829,122.3854,262.06,2382.22,7742.24,673.54,440.69,90.93,1
2024-08-13,Site_2,-70.2021,-122.8546,275.32,1244.02,,1003.38,459.13,99.32,7
2024-08-17,Site_4,84.1267,164.6929,224.84,3712.22,,1873.01,950.86,96.51,5
2024-08-19,Site_3,-64.6144,107.8217,222.02,2602.24,6247.21,730.26,825.94,94.5,8
2024-08-21,Site_2,23.6706,144.0644,372.66,818.12,7404.21,1936.38,667.63,94.5,10
2024-08-22,Site_1,-45.7695,31.4339,124.34,3266.24,3837.7,848.43,526.04,,3
2024-08-22,Site_3,-10.9167,3.682,375.84,1672.34,8546.23,656.33,,82.46,5
2024-08-23,Site_4,16.3947,112.6431,318.85,1799.87,,1077.67,507.41,85.75,7
2024-08-26,Site_2,21.3406,-171.3453,165.15,2928.92,5185.68,1616.44,952.96,95.35,4
2024-08-26,Site_3,-46.6567,39.3976,105.42,2099.85,8700.64,2217.63,737.07,80.5,8
2024-09-10,Site_2,3.4261,-72.2802,,1345.15,4062.29,1082.24,671.91,,4
2024-09-12,Site_4,-82.0047,-87.2877,366.98,1683.08,4799.42,1817.2,488.77,97.27,9
2024-09-19,Site_2,47.7584,-114.27,283.87,2069.54,4562.23,1784.24,580.59,82.78,3
2024-09-25,Site_1,35.0549,-10.9398,149.02,4458.97,2525.18,853.16,846.6,96.24,8
2024-09-26,Site_1,16.0227,134.985,339.86,1358.85,3646.22,1263.64,300.22,81.36,4
2024-09-26,Site_3,-53.2432,132.4288,307.53,841.7,,701.51,,90.84,6
2024-09-29,Site_2,-17.3818,-43.8135,159.26,3052.43,8640.28,2030.18,971.46,95.73,5
2024-10-04,Site_3,-75.557,-142.9293,322.0,3790.44,4803.74,2216.88,838.44,99.51,7
2024-10-06,Site_3,85.2018,111.3048,191.06,,6321.45,1657.91,990.21,,2
2024-10-08,Site_1,-69.5201,126.2091,186.37,1136.78,,1830.7,902.7,81.07,8
2024-10-13,Site_3,-67.2543,153.8791,454.53,2094.72,,1841.96,985.56,88.8,1
2024-10-17,Site_1,-38.4234,120.2788,262.45,1458.16,8750.5,836.41,616.57,97.4,3
2024-10-18,Site_4,-42.9868,-131.7189,218.09,2976.9,9827.77,852.5,996.93,94.15,3
2024-10-20,Site_4,87.8291,-94.4142,309.63,1896.8,7788.68,1010.04,543.66,86.32,9
2024-10-21,Site_2,-36.2704,21.1416,230.96,2553.48,9125.81,1238.48,907.39,83.32,9
2024-10-23,Site_2,88.9155,-56.4463,161.95,3404.0,5121.36,1998.27,734.85,91.22,3
2024-10-23,Site_2,37.8247,106.6948,349.83,3915.01,2683.01,2461.16,641.87,,1
2024-10-30,Site_2,-78.9807,-83.4204,330.51,3457.44,4518.81,2077.16,634.66,91.43,8
2024-11-02,Site_3,18.7972,157.2829,483.19,2125.82,6404.49,2074.17,742.86,87.94,1
2024-11-03,Site_3,-47.8344,-34.1587,104.38,3736.86,9206.0,,323.7,86.12,2
2024-11-10,Site_1,21.8971,66.7055,434.26,4380.16,8847.11,,880.71,99.58,5
2024-11-13,Site_2,-56.8896,66.0363,215.53,3857.92,,1845.86,541.59,89.94,5
2024-11-13,Site_3,-57.3094,-53.3387,223.53,1738.38,3426.05,,662.55,93.1,1
2024-11-15,Site_3,-63.0031,39.001,487.54,1891.98,,2163.72,839.38,,10
2024-11-15,Site_4,25.588,-78.781,153.05,,6813.99,935.17,274.56,,3
2024-11-18,Site_3,-47.9027,158.0835,359.61,,2127.16,2120.83,881.16,98.15,4
2024-11-19,Site_1,-14.8705,113.9367,467.69,1995.81,8895.78,2297.57,615.98,82.58,9
2024-11-19,Site_2,58.2409,-44.4384,,4154.43,2339.52,2184.12,,89.39,10
2024-11-19,Site_3,4.7417,136.555,107.48,2110.0,8430.93,1252.11,465.36,89.81,5
2024-11-21,Site_1,-28.6587,105.7604,153.21,2731.4,,1734.63,428.62,91.28,2
2024-11-27,Site_1,70.1073,-148.5827,327.2,1931.02,9154.77,1432.56,876.48,,6
2024-11-28,Site_3,23.0879,161.7562,442.82,4398.44,6475.74,674.83,829.05,96.08,8
2024-11-30,Site_3,27.696,-4.1418,318.05,3720.32,7958.69,,648.87,85.57,8
2024-12-01,Site_3,43.9031,-25.7504,,807.69,6392.85,944.18,858.96,94.84,10
2024-12-02,Site_3,-44.1649,-66.5399,217.76,3167.26,9202.3,1838.7,387.78,87.04,7
2024-12-04,Site_1,56.0046,23.9222,245.63,3757.69,4826.33,1781.48,478.62,92.94,5
2024-12-06,Site_4,-72.7895,160.8725,406.59,1419.36,5113.11,1021.35,644.52,81.28,9
2024-12-07,Site_1,9.43,54.9543,246.15,3816.33,4263.26,1905.68,295.91,82.02,7
2024-12-10,Site_3,81.4412,-137.9463,358.5,2044.98,3700.12,,537.43,87.6,5
2024-12-17,Site_4,41.0459,139.9871,347.94,4000.75,,2392.26,556.5,81.72,2
2024-12-18,Site_2,-48.4961,140.7433,492.42,1131.78,8808.54,1995.01,696.92,84.76,2
2024-12-19,Site_2,-62.4595,-75.0736,338.72,,8066.52,775.33,537.25,84.54,9
2024-12-21,Site_3,65.6996,23.1011,429.7,2694.14,8374.57,1822.38,,95.44,7
2024-12-22,Site_4,-30.9169,-30.4748,196.7,2881.67,3557.07,966.36,539.51,86.16,4
2024-12-23,Site_4,-8.4221,-3.9981,318.18,1209.9,9540.59,739.97,744.32,92.67,1
2024-12-23,Site_4,74.5767,-136.5371,477.68,3415.53,4974.68,2218.73,952.57,80.04,8
2024-12-27,Site_1,-23.2444,174.7397,385.41,2426.43,3869.03,1335.09,410.11,,4
2024-12-28,Site_2,30.3157,-114.0142,310.59,3929.57,4830.79,2490.29,328.65,80.69,3
2024-12-30,Site_2,-51.0056,-18.3674,494.94,3764.91,9260.47,1035.49,645.15,96.27,5
